Code,Numero,Nom,Theme
"S01",01,"Nombres entiers","A"
"S02",02,"Fractions","A"
"S03",03,"Nombres décimaux","A"
"S04",04,"Calcul mental et en ligne","A"
"S05",05,"Calcul posé et instrumenté","A"
"S06",06,"Organisation et gestion des données","A"
"S07",07,"Proportionnalité","A"
"S08",08,"Longueurs et périmètres","B"
"S09",09,"Aires","B"
"S10",10,"Volumes et contenances","B"
"S11",11,"Angles","B"
"S12",12,"Horaires et durées","B"
"S13",13,"Géométrie en deux et trois dimensions","C"
"S14",14,"Représentation en trois dimensions","C"
"S15",15,"Alignement, perpendicularité et parallélisme","C"
"S16",16,"Symétrie axiale","C"